"THETA1","THETA2","THETA3","THETA4","THETA5","THETA6","THETA7","THETA8","SIGMA.1.1.","OMEGA.1.1.","OMEGA.2.1.","OMEGA.2.2.","OMEGA.3.1.","OMEGA.3.2.","OMEGA.3.3.","OBJ","WEIGHT"
0.438826,4.12448,1.15145,4.21035,1.2897,0.515628,0.011994,0.321307,0.0389847,0.29434,0.0740178,0.0714046,0.131545,0.069698,0.125923,30915.6477524253,4.70324488431806
0.386401,4.1154,1.15272,4.23699,1.27686,0.536599,0.00430099,0.338571,0.0404926,0.213133,0.0285025,0.0785722,0.104879,0.0670243,0.121196,30919.3039301234,4.42112402008661
0.455442,4.09411,1.16702,4.2022,1.26288,0.502722,-0.0532619,0.366776,0.0407724,0.283409,0.0920602,0.094221,0.148755,0.0779804,0.12107,30911.709541644,2.22563914955504
0.468696,4.16594,1.20881,4.19586,1.29013,0.545994,0.0170725,0.349176,0.039611,0.223578,0.0779324,0.0821607,0.116088,0.0586116,0.0840757,30932.3885500362,0.0359211673516534
0.324476,4.05045,1.13839,4.2353,1.31299,0.484899,-0.043804,0.511573,0.0391237,0.219346,0.0709851,0.0908306,0.0970073,0.0745593,0.120258,30918.2452998962,1.5102221867769
0.440924,4.1658,1.19257,4.21128,1.23327,0.569105,-0.0962627,0.458461,0.0399399,0.191674,0.0641871,0.0763035,0.111669,0.0570359,0.103846,30920.2903461517,1.93491634716046
0.408911,4.12066,1.19134,4.21618,1.32343,0.494692,-0.0531521,0.440254,0.0402753,0.291712,0.102818,0.0907914,0.132845,0.0713628,0.104413,30913.7365369533,1.37288196817639
0.584495,4.1407,1.21346,4.22076,1.2174,0.50196,0.0487659,0.39459,0.041474,0.23048,0.104464,0.100059,0.153629,0.0895159,0.135387,30925.6251420365,0.484662137198079
0.446719,4.15327,1.16172,4.21351,1.21444,0.44778,-0.0945954,0.385752,0.0415775,0.243529,0.0621494,0.075923,0.137727,0.0673272,0.104928,30921.5744063225,3.64598238168474
0.415723,4.08514,1.15265,4.22375,1.25875,0.463795,0.0390529,0.291896,0.0426913,0.170951,0.0162181,0.0583233,0.107901,0.0508309,0.100835,30934.3541239165,0.021056201699563
0.461535,4.10889,1.13441,4.19404,1.2657,0.505224,-0.0670018,0.36873,0.0390678,0.176151,0.040082,0.0699701,0.104794,0.0592273,0.106686,30911.9580971383,0.75714445309953
0.288351,4.06845,1.13174,4.20273,1.33582,0.488129,-0.0769908,0.430541,0.0413861,0.139094,0.0638391,0.0864706,0.125095,0.0876896,0.141091,30926.7712430026,0.275529742579835
0.386691,4.13836,1.14268,4.20868,1.22004,0.476641,-0.0953928,0.576385,0.0404687,0.265676,0.0583687,0.0844324,0.119119,0.0706407,0.120758,30921.1266327499,8.78900858624782
0.493379,4.10967,1.16491,4.22089,1.28944,0.484903,-0.0112401,0.468347,0.040971,0.213316,0.0674159,0.0938107,0.114035,0.0691153,0.106989,30911.8881957671,3.77354825905707
0.469336,4.11367,1.18411,4.20813,1.28247,0.500378,0.0268788,0.410864,0.041508,0.215509,0.0443802,0.0721815,0.110226,0.0648638,0.116518,30911.4654814747,0.755742633457846
0.549109,4.1224,1.19547,4.2065,1.29033,0.406855,-0.00872524,0.309394,0.0413774,0.236848,0.0478462,0.0748215,0.127949,0.0679142,0.116689,30918.2373323566,1.80628325400529
0.369134,4.09283,1.17264,4.23382,1.28636,0.470399,-0.0138911,0.400792,0.0390918,0.21158,0.0634182,0.0798222,0.0985341,0.0719235,0.107141,30915.4881243638,0.587738927402812
0.345253,4.04843,1.15117,4.20859,1.34822,0.434942,-0.00206785,0.559372,0.0393629,0.217677,0.0670762,0.0815378,0.113399,0.0720025,0.110757,30919.9779152696,0.367928197063892
0.438755,4.13015,1.13619,4.19166,1.24373,0.499133,0.0186224,0.315106,0.0393357,0.26225,0.0834686,0.0821943,0.126582,0.0748821,0.121114,30914.0969087302,5.73912487098696
0.438529,4.12348,1.14123,4.21125,1.25412,0.462446,-0.021843,0.483355,0.0396075,0.158582,0.0560586,0.0871639,0.100206,0.0650925,0.107238,30913.2497219284,1.01369960168241
0.528712,4.15544,1.20228,4.21427,1.25667,0.506783,-0.0802932,0.465292,0.0416589,0.208149,0.0716896,0.0768248,0.12471,0.0711309,0.124174,30912.7259535628,0.697110190447755
0.475361,4.13131,1.16661,4.21959,1.21875,0.465116,0.0546714,0.325441,0.04052,0.260522,0.0567642,0.0701348,0.124998,0.0585129,0.109303,30915.1920304637,1.24081232896466
0.464782,4.12179,1.13014,4.20341,1.27656,0.482843,-0.092348,0.426328,0.0399808,0.248555,0.0583527,0.0845619,0.121069,0.0685702,0.0977069,30918.8139790139,0.149838991297564
0.394979,4.09734,1.15316,4.21694,1.30843,0.490037,-0.0342219,0.393515,0.0390498,0.185006,0.0781155,0.0939293,0.12292,0.0735309,0.108378,30911.3085959588,0.610905949214769
0.463813,4.11307,1.14285,4.2153,1.34277,0.461683,0.0306081,0.362292,0.0391648,0.184144,0.0675261,0.0818722,0.102229,0.0704659,0.110111,30919.8270573388,3.41534322488308
0.412129,4.11714,1.17223,4.22823,1.2505,0.544466,-0.0528799,0.339912,0.0407326,0.163589,0.0581019,0.0773048,0.0773897,0.0649569,0.105469,30920.7544614058,0.406088880671281
0.458776,4.13295,1.15236,4.192,1.25869,0.528906,-0.145697,0.514112,0.0413964,0.384943,0.110813,0.0914986,0.169554,0.0736999,0.106272,30928.67041777,8.68422569861397
0.422447,4.13036,1.13623,4.22467,1.25454,0.388488,-0.0937284,0.336771,0.0394557,0.241304,0.0491576,0.0804337,0.133488,0.0708243,0.125912,30917.0579868351,8.39992119586693
0.4433,4.14196,1.18293,4.19934,1.27741,0.524366,0.0384647,0.422206,0.0385626,0.169951,0.0281702,0.0747218,0.100339,0.0522582,0.100844,30918.7755484763,2.03214268490542
0.322357,4.03683,1.13345,4.19534,1.32208,0.496975,-0.0119427,0.453527,0.0414415,0.285313,0.0646396,0.0838665,0.133081,0.0739891,0.116756,30924.9581906903,1.36939145754947
0.485819,4.16235,1.21806,4.21976,1.2412,0.537029,-0.101504,0.300038,0.0409727,0.206576,0.0644513,0.0722448,0.128207,0.0669904,0.120221,30920.247716492,0.410465994448433
0.430627,4.07343,1.16684,4.20209,1.33104,0.531585,-0.0682362,0.46179,0.0399623,0.216191,0.0506497,0.0788989,0.116792,0.0657543,0.122116,30915.7672962804,15.312514401728
0.404066,4.14616,1.17422,4.21153,1.20814,0.558626,0.038679,0.1729,0.0384318,0.20974,0.0591232,0.0756255,0.109578,0.0702413,0.130469,30930.9206679578,1.06518968108576
0.48489,4.13877,1.20964,4.21477,1.29452,0.454813,0.0935927,0.428321,0.0426303,0.235854,0.057696,0.0781741,0.119877,0.0675521,0.118742,30916.6845282718,1.45642421173998
0.391767,4.1056,1.16624,4.24873,1.31276,0.465398,-0.042344,0.505851,0.0403607,0.178798,0.069568,0.0928694,0.129805,0.074339,0.122062,30915.3760008125,1.92146736226808
0.397326,4.0953,1.19927,4.2119,1.31993,0.524311,0.0290251,0.431694,0.0392614,0.197688,0.0337544,0.0802621,0.0874983,0.0592234,0.0902441,30920.091423528,1.97862686486382
0.411558,4.10615,1.14702,4.21033,1.28291,0.467545,0.091636,0.184434,0.039808,0.188776,0.0570206,0.077985,0.114361,0.0665705,0.125562,30917.0915296975,5.12145796974079
0.448684,4.09815,1.16646,4.23034,1.28151,0.448005,-0.0659318,0.529418,0.0406078,0.275649,0.0683696,0.0745502,0.150874,0.0689199,0.125179,30912.9668682504,4.24524452474901
0.406299,4.14598,1.17098,4.18727,1.31498,0.510133,-0.0179632,0.209631,0.0402241,0.276801,0.076071,0.0803297,0.121114,0.0649944,0.0993416,30924.5928892454,0.46843820769209
0.474505,4.13948,1.17093,4.20414,1.24678,0.496514,-0.0489733,0.358892,0.0389503,0.254674,0.0660344,0.08231,0.118794,0.0626762,0.0969129,30912.2589553917,0.408530970053779
0.43875,4.11699,1.15847,4.16578,1.24698,0.431592,0.0160881,0.298716,0.0401108,0.182186,0.0556868,0.0873877,0.113605,0.0663099,0.117709,30917.3909569201,3.99933129326889
0.394433,4.0841,1.13958,4.22956,1.30619,0.492709,0.0324135,0.416792,0.0393179,0.260295,0.0633527,0.0919497,0.138588,0.0788418,0.137215,30915.0559475508,12.6693500613845
0.448914,4.14939,1.19965,4.192,1.27919,0.478909,0.00153745,0.353755,0.0385924,0.329718,0.0876616,0.0828462,0.164579,0.0805145,0.133632,30916.4352436646,2.43973969430494
0.573179,4.14965,1.18754,4.17768,1.2655,0.393992,-0.182226,0.393344,0.0388498,0.287872,0.078029,0.0962888,0.144658,0.0739818,0.113347,30922.3857757413,3.8632839010676
0.475999,4.13793,1.17554,4.19525,1.26315,0.457031,-0.142995,0.585695,0.0401343,0.21643,0.0537654,0.066199,0.135792,0.0665322,0.109392,30926.9129257145,0.140163521400726
0.435414,4.08997,1.13983,4.19697,1.28428,0.488133,-0.0303382,0.332741,0.0407057,0.267299,0.0705016,0.0903317,0.163318,0.0778177,0.135084,30914.6564881322,7.39989454393903
0.351935,4.1189,1.12381,4.21921,1.30368,0.461492,-0.086468,0.488479,0.0385431,0.17357,0.0498561,0.0784298,0.119383,0.0647367,0.0995439,30930.6414268231,0.0116991725242677
0.407807,4.13772,1.18191,4.19122,1.28139,0.519707,-0.074043,0.456981,0.0404549,0.132831,0.0306196,0.0687742,0.0858838,0.0551869,0.0925268,30915.7291290994,0.499648100230202
0.33112,4.10668,1.16417,4.21875,1.33541,0.519986,-0.0224396,0.516519,0.0406554,0.180233,0.0414258,0.0784873,0.0976404,0.072521,0.11985,30916.6957373717,1.21599989615592
0.492647,4.14023,1.20135,4.19239,1.26614,0.468946,-0.156916,0.400302,0.0390486,0.190739,0.0524878,0.0841641,0.103568,0.06034,0.0857108,30925.4894321619,0.0877120124414933
0.360486,4.09691,1.15892,4.2134,1.27684,0.462965,-0.128417,0.535524,0.0391165,0.251676,0.0727902,0.0797566,0.111574,0.0703408,0.102344,30919.1413084043,0.398108715726808
0.418549,4.09513,1.17377,4.23099,1.29258,0.480663,0.00433823,0.440812,0.0384996,0.200698,0.0487894,0.0840777,0.110948,0.0634846,0.103318,30912.3801524436,1.70186041239834
0.484322,4.10584,1.16872,4.23297,1.28699,0.481009,-0.0145126,0.384469,0.0410711,0.190895,0.0794046,0.0848061,0.143828,0.0842241,0.131456,30916.4420598902,0.397402193865709
0.49856,4.08059,1.09434,4.16095,1.28231,0.420093,-0.093962,0.384775,0.0393548,0.280381,0.079016,0.0859491,0.131173,0.0681108,0.0985414,30930.2688794159,0.0531059307939742
0.40952,4.14754,1.21002,4.20658,1.28442,0.496176,-0.114126,0.469877,0.0395331,0.263286,0.0898915,0.0945384,0.130968,0.08487,0.12263,30915.4314167924,2.134439956304
0.437667,4.12214,1.18909,4.23044,1.26497,0.500762,-0.0340698,0.430635,0.0387011,0.23466,0.061975,0.077593,0.141305,0.0735347,0.120183,30914.0914578924,0.885062448022683
0.472019,4.10239,1.14541,4.16878,1.26803,0.457054,-0.159091,0.489401,0.040489,0.285634,0.0812258,0.102921,0.148732,0.0832619,0.10713,30931.6223631123,0.130322236937539
0.5191,4.12624,1.17315,4.21941,1.25776,0.490151,-0.0740979,0.460721,0.0400149,0.305189,0.0722946,0.074413,0.159354,0.0706001,0.120527,30911.4583789164,1.99126240818789
0.504346,4.13242,1.18885,4.18701,1.27975,0.419282,0.0158082,0.417819,0.0400453,0.191091,0.0581013,0.0857246,0.130453,0.0770332,0.128274,30913.0821060393,1.51189005510491
0.425006,4.05699,1.16714,4.24315,1.31904,0.502119,0.0402953,0.433513,0.0408535,0.140979,0.0613744,0.0767784,0.102911,0.0714263,0.104369,30929.4513746418,0.0568115988421085
0.389188,4.07139,1.19565,4.19515,1.30847,0.506468,-0.122726,0.498419,0.0386942,0.146836,0.0561287,0.0796535,0.0941022,0.0555435,0.104066,30925.7804707974,128.008575581404
0.427579,4.15622,1.19868,4.19607,1.25493,0.514812,-0.0142437,0.371816,0.0418588,0.188717,0.0736418,0.0818388,0.12161,0.0734702,0.12689,30916.0581356156,0.342411325238744
0.408008,4.10093,1.16589,4.22223,1.25809,0.467327,0.0147757,0.454477,0.0400381,0.186081,0.0652043,0.0879159,0.11633,0.0696801,0.109786,30909.6381915991,1.61885160633322
0.402927,4.07632,1.12903,4.18147,1.33271,0.441783,-0.038107,0.4561,0.0392518,0.230995,0.0700568,0.0953915,0.116112,0.0727417,0.106306,30916.9589644996,0.56798404215864
0.35821,4.11192,1.15537,4.21096,1.32114,0.448726,0.0955758,0.562252,0.0399746,0.12829,0.0743574,0.0922903,0.113243,0.0761052,0.131372,30932.8681197567,0.0461893351858617
0.486999,4.10364,1.2003,4.23572,1.30851,0.526145,0.0455269,0.426731,0.0417445,0.27395,0.0859605,0.0727949,0.146539,0.0667737,0.106412,30921.5236632927,1.76260772126448
0.472151,4.12662,1.18688,4.19923,1.24604,0.498575,0.014141,0.375843,0.0391894,0.196529,0.0916548,0.0830246,0.122556,0.0651689,0.101885,30924.286329708,0.160405812740215
0.490916,4.12868,1.15611,4.20245,1.25261,0.466367,-0.0233598,0.447915,0.039594,0.217204,0.0688893,0.0854731,0.129417,0.0649957,0.107256,30910.5618216858,0.773995405162931
0.42683,4.09659,1.10858,4.22465,1.30676,0.472767,-0.124767,0.432626,0.0391027,0.191413,0.0569482,0.0900899,0.122773,0.0778657,0.12041,30919.4283146029,0.823607114107876
0.38815,4.11578,1.1211,4.20347,1.29625,0.42084,-0.112187,0.3288,0.0406967,0.191859,0.0826269,0.0934605,0.142623,0.0956305,0.151603,30920.8959692127,61.5376937325977
0.518615,4.1339,1.15809,4.20804,1.31331,0.437012,-0.0148042,0.463181,0.0396448,0.209987,0.077328,0.095578,0.144369,0.0794365,0.109646,30929.8470111091,0.0074803549433642
0.299358,4.09831,1.17882,4.2223,1.28895,0.470375,0.0426926,0.35223,0.0391202,0.215775,0.0809795,0.0814251,0.122684,0.0757833,0.126109,30922.1141087072,0.4344924298981
0.427421,4.14158,1.18616,4.22474,1.28318,0.497673,-0.0175456,0.436703,0.0374913,0.268353,0.068142,0.0864573,0.12413,0.0697482,0.114867,30914.6349004739,0.399865566312476
0.458845,4.097,1.17228,4.18205,1.28191,0.492468,-0.0648717,0.414591,0.0420738,0.196115,0.0685198,0.0834414,0.105819,0.0634946,0.0979667,30915.81091427,1.02648994499508
0.429689,4.09384,1.13781,4.22139,1.31678,0.470875,-0.113419,0.483797,0.0405973,0.214088,0.0670607,0.0770431,0.0977614,0.052415,0.0915527,30917.4469777698,4.67028746079773
0.405057,4.1101,1.16501,4.22579,1.30986,0.530553,-0.0758917,0.532303,0.0387799,0.225179,0.0823984,0.0794142,0.135449,0.0764216,0.137072,30916.2867094545,2.02367888326845
0.442652,4.14397,1.18027,4.20198,1.28341,0.517697,-0.00304125,0.44864,0.0390611,0.267534,0.0779679,0.0815275,0.135367,0.0747127,0.123043,30909.5145505781,1.54808386874281
0.39957,4.11779,1.20362,4.18651,1.29264,0.450797,0.0024069,0.346738,0.0409283,0.178833,0.056598,0.0808087,0.117247,0.0724814,0.117744,30915.7514341127,1.2687245719874
0.451158,4.10142,1.1901,4.20894,1.31551,0.487679,0.0401155,0.503437,0.0406291,0.280404,0.0750458,0.0892008,0.126198,0.0761165,0.108259,30914.1977280746,1.58112759107796
0.473946,4.10574,1.17077,4.2005,1.34294,0.42326,-0.00221399,0.389568,0.0402512,0.23738,0.0580515,0.0825718,0.108383,0.0518664,0.0798275,30925.9724650323,0.195650928426413
0.384511,4.08115,1.1559,4.18162,1.25072,0.471289,-0.0428977,0.537617,0.0403981,0.128307,0.0359937,0.0741681,0.0804047,0.0534765,0.0900614,30922.4031339625,0.486684963132407
0.496018,4.13393,1.17978,4.20027,1.29483,0.432093,0.0710876,0.24915,0.0408684,0.232603,0.0920947,0.0879242,0.154121,0.075971,0.113242,30924.3907617152,0.0748542631681934
0.518664,4.15933,1.2149,4.22917,1.26496,0.461087,0.0434051,0.40235,0.0398212,0.230412,0.0707654,0.0791362,0.117165,0.0688968,0.104384,30913.9526458846,1.50026402229923
0.295716,4.05247,1.11551,4.22804,1.35231,0.512127,-0.0841226,0.45278,0.0402518,0.278793,0.0613146,0.0846425,0.131568,0.0727787,0.12183,30920.3309685639,2.59926258532212
0.537963,4.15612,1.17083,4.21783,1.23389,0.471487,-0.0562108,0.326689,0.0392545,0.308494,0.0684894,0.0743358,0.154216,0.0698808,0.118105,30915.6630110025,0.631431333135209
0.443646,4.15102,1.18921,4.23503,1.24264,0.51127,-0.0405743,0.47348,0.042037,0.164735,0.0368538,0.0628943,0.0879451,0.050342,0.0928293,30918.3557085985,0.719863885730034
0.360522,4.11526,1.18433,4.19989,1.29721,0.510279,-0.033488,0.439667,0.0395706,0.144206,0.0651297,0.0736653,0.0812969,0.0616223,0.104783,30922.786864338,0.0219405423776628
0.486447,4.16967,1.18739,4.17483,1.25171,0.459298,0.0189819,0.313232,0.0410044,0.162422,0.0423141,0.0839359,0.118639,0.0685625,0.112834,30920.0791292131,0.51780818873802
0.50439,4.12717,1.22785,4.23616,1.29927,0.446028,0.0459394,0.353038,0.0416731,0.162214,0.0685409,0.0757869,0.136389,0.0682204,0.120206,30927.4379721086,0.120821655211512
0.491098,4.17424,1.19726,4.1929,1.31834,0.51402,-0.119977,0.389565,0.0409536,0.186875,0.0643487,0.0818892,0.113886,0.071531,0.121732,30917.1642809435,2.44498487622237
0.430147,4.08831,1.17701,4.21441,1.2547,0.462356,0.0588092,0.281969,0.0412685,0.269253,0.0459835,0.072283,0.131794,0.0639746,0.118129,30924.7857831122,0.440847151068654
0.387384,4.1329,1.17439,4.23513,1.29062,0.49832,-0.109928,0.426528,0.039755,0.179901,0.0456873,0.0765202,0.0827056,0.0634731,0.104594,30913.346046778,0.962066648881914
0.436694,4.07679,1.10996,4.21763,1.3053,0.42319,-0.148238,0.460702,0.0401234,0.322745,0.111928,0.0914914,0.160533,0.0817136,0.11982,30921.0674899663,1.17066978962402
0.440436,4.12126,1.1701,4.2215,1.28064,0.496753,0.00219992,0.519291,0.0407589,0.211923,0.078586,0.0847494,0.133061,0.0713721,0.107065,30913.2147388835,0.448363174043132
0.325398,4.10926,1.16189,4.21382,1.2595,0.498713,-0.0425577,0.466785,0.0410928,0.155894,0.0587575,0.0802957,0.0982523,0.0675855,0.11329,30915.4070054367,0.502750760214965
0.363524,4.13818,1.16572,4.22504,1.27072,0.515068,-0.0540251,0.399185,0.0401199,0.193706,0.0506203,0.0756128,0.114699,0.0626075,0.120735,30913.9105965167,1.22576505779407
0.43489,4.14137,1.16901,4.20336,1.24237,0.471692,0.0326321,0.446597,0.0403115,0.203692,0.0682482,0.0744189,0.113634,0.0735337,0.129884,30914.5781596197,1.37602001797666
0.516782,4.13137,1.20142,4.20213,1.31375,0.425451,-0.103901,0.360917,0.0392801,0.240765,0.0972742,0.0955962,0.118142,0.0768535,0.0910042,30939.9726080961,0.000681983249241431
0.444365,4.12592,1.1968,4.20082,1.32987,0.455673,-0.0352397,0.39053,0.0388909,0.201704,0.0473059,0.0737596,0.120901,0.063798,0.10237,30916.8961180645,0.664436430500294
0.40028,4.08666,1.13469,4.19177,1.20155,0.518453,0.0801852,0.439789,0.0383932,0.264552,0.0786775,0.0974271,0.118703,0.0770742,0.115695,30924.1653927309,30.3553025990868
0.396572,4.09055,1.19447,4.2719,1.36976,0.486151,-0.023113,0.456442,0.0413472,0.167262,0.0558368,0.0655254,0.103557,0.0598012,0.100166,30926.2365771474,1.15111596223746
0.294209,4.10143,1.14043,4.22226,1.33921,0.479356,0.0293757,0.416009,0.0402937,0.144202,0.0429243,0.0758014,0.0955592,0.0629995,0.111697,30917.9913352398,0.292940845992066
0.359629,4.05745,1.14327,4.1887,1.29325,0.435028,-0.140481,0.433939,0.0387773,0.196346,0.0872764,0.0880866,0.12504,0.084429,0.129696,30927.8614062918,0.320378856183723
0.404737,4.10418,1.18836,4.20169,1.2945,0.559019,-0.00817165,0.459122,0.0411367,0.179951,0.0654584,0.0808662,0.119684,0.0765442,0.132143,30913.4267417099,0.654177271956755
0.37864,4.11119,1.16399,4.19272,1.25573,0.534634,0.0122781,0.30743,0.0389794,0.152133,0.0614299,0.0753264,0.107515,0.0697456,0.121504,30918.6058086848,0.494457461402058
0.586619,4.16794,1.20949,4.18628,1.25554,0.514166,-0.0876533,0.3309,0.0417452,0.232674,0.065233,0.0743198,0.141762,0.0686101,0.127426,30918.0597753576,0.60067863578328
0.415639,4.11066,1.14163,4.20075,1.31478,0.445316,0.00628313,0.224004,0.0395705,0.237265,0.0573578,0.06869,0.12643,0.0583385,0.0973035,30920.0846376757,0.432932438925436
0.452451,4.12644,1.21024,4.25473,1.30033,0.526249,-0.0585685,0.489411,0.0405078,0.22023,0.0517978,0.0721397,0.142107,0.0716833,0.132557,30919.9125739611,2.01502282144692
0.391023,4.11622,1.20237,4.2229,1.29977,0.505811,-0.0344431,0.605146,0.0390496,0.254283,0.0708649,0.0792425,0.108183,0.0600262,0.101457,30915.6813557318,1.85486783921019
0.547204,4.1537,1.24269,4.22846,1.28958,0.515198,-0.0181845,0.386878,0.0415894,0.245754,0.0718644,0.0822071,0.139535,0.0822233,0.115495,30929.670393012,0.102002583267187
0.489546,4.1324,1.18795,4.2071,1.22031,0.465697,0.00825347,0.380725,0.0394544,0.130788,0.0299819,0.0581857,0.0871923,0.0543128,0.0987201,30920.6988412248,0.346783750087685
0.455624,4.1752,1.16375,4.18647,1.24352,0.433268,-0.0297852,0.432622,0.0392586,0.217332,0.0627962,0.082252,0.134808,0.0667771,0.116445,30917.6413461793,1.34209588060136
0.438309,4.10771,1.13673,4.17808,1.31261,0.446265,-0.0516121,0.374657,0.0416781,0.209963,0.0965711,0.0880065,0.149568,0.0798535,0.127373,30922.5909047841,0.140160674642239
0.436244,4.12259,1.19256,4.22294,1.27024,0.511592,0.0278312,0.396876,0.0408024,0.227079,0.0511115,0.0752757,0.12222,0.0695005,0.118898,30910.4137433862,0.576174143141802
0.438179,4.14962,1.23895,4.20574,1.2966,0.554252,0.0443995,0.480828,0.0441916,0.299694,0.105336,0.0992575,0.164042,0.0927824,0.138193,30931.8860082678,2.63228999120674
0.4355,4.11887,1.13221,4.1894,1.29489,0.469117,-0.164164,0.34225,0.0403239,0.255398,0.0990853,0.0921873,0.133755,0.0808273,0.114596,30918.8358654035,0.477033127371806
0.46642,4.11275,1.15216,4.19324,1.28227,0.481993,-0.165192,0.320322,0.0411818,0.170591,0.0481956,0.0758689,0.111517,0.0735663,0.121348,30917.0014786042,1.28722624551555
0.495851,4.11891,1.18462,4.21101,1.22689,0.487997,0.0746609,0.492708,0.0394389,0.339519,0.0681946,0.0759761,0.15237,0.067262,0.122044,30917.9482068315,3.93578687186881
0.466584,4.10318,1.18732,4.20976,1.26695,0.468164,0.0826984,0.604986,0.0402469,0.198604,0.0635477,0.0887904,0.122311,0.0826777,0.135089,30918.5566582658,1.96069853179889
0.512211,4.10698,1.16211,4.16241,1.24606,0.425297,-0.0782274,0.398552,0.0397836,0.261036,0.0745189,0.0844047,0.146212,0.0674898,0.0969168,30929.1405086984,0.0239984428664482
0.353947,4.07964,1.1393,4.20708,1.28622,0.472014,-0.0467811,0.407018,0.0401677,0.237219,0.0687339,0.0748543,0.104984,0.0608844,0.103604,30912.269662103,1.52121600116818
0.459399,4.12133,1.18677,4.21515,1.3011,0.406617,-0.0416596,0.523058,0.0394676,0.224945,0.0632769,0.0837536,0.133742,0.0710927,0.13006,30913.1498094589,25.7890763305521
0.433118,4.12951,1.1883,4.25379,1.30815,0.526593,-0.077589,0.505985,0.0391904,0.21042,0.0472701,0.0597913,0.120978,0.064731,0.113961,30928.1535849314,0.160571063531298
0.373777,4.05802,1.13841,4.18719,1.25993,0.484681,-0.0706484,0.417636,0.0402326,0.169886,0.0348362,0.0621775,0.0817156,0.0573901,0.101255,30926.6410448354,0.0967467578811363
0.399503,4.11105,1.17642,4.19086,1.24859,0.520002,-0.0720831,0.394349,0.0377682,0.178029,0.0705291,0.0807844,0.111922,0.071851,0.11201,30918.8988717015,0.795999282852686
0.516585,4.1317,1.14592,4.18019,1.27963,0.496818,-0.105409,0.284074,0.0407522,0.182576,0.0589406,0.0760566,0.131581,0.0679904,0.108883,30921.6853058898,0.0871775356433014
0.419824,4.12046,1.1307,4.20656,1.23456,0.46991,0.0160507,0.408964,0.0375812,0.234441,0.0646999,0.0791535,0.116845,0.0619283,0.109412,30916.2357698865,0.756053772242558
0.376345,4.08737,1.14727,4.22447,1.31493,0.491153,-0.104643,0.486391,0.0413916,0.181279,0.0544204,0.0685874,0.122956,0.0611951,0.107942,30915.2476818688,0.604617396625098
0.415235,4.14082,1.16648,4.21434,1.25117,0.448032,-0.0475102,0.251689,0.040562,0.214374,0.0243965,0.0691004,0.0993291,0.0556458,0.108476,30921.0470351986,0.69833932683083
0.457438,4.09839,1.16033,4.16915,1.34405,0.510474,-0.0301246,0.356783,0.039412,0.193121,0.0645093,0.0871078,0.119827,0.0665658,0.102748,30919.6855758035,1.19554697284785
0.464856,4.12155,1.16361,4.24111,1.28525,0.457803,0.0526966,0.413297,0.0407146,0.165373,0.04261,0.0676631,0.107102,0.0566491,0.104599,30915.6047897546,0.774335623521953
0.533525,4.17485,1.21263,4.17674,1.24693,0.51206,-0.025686,0.382294,0.0401692,0.300211,0.103375,0.0976793,0.149004,0.0775926,0.115684,30916.95654361,1.19068653061148
0.333797,4.0996,1.15099,4.22321,1.28997,0.484837,-0.0392578,0.533027,0.0399396,0.137607,0.0339799,0.0708707,0.0774848,0.0594852,0.0975976,30916.8972194103,0.127688151594189
0.408896,4.10309,1.16304,4.22163,1.26573,0.493048,-0.0316865,0.367982,0.040112,0.201945,0.0478993,0.0659465,0.11161,0.0527869,0.0962324,30913.0432471725,0.945170143032606
0.465659,4.12514,1.16745,4.23984,1.28665,0.463848,-0.0362013,0.301879,0.0377853,0.211831,0.0499731,0.0798935,0.108253,0.0651825,0.103959,30916.9303822412,0.473815326376346
0.479902,4.10166,1.19051,4.2326,1.29378,0.467736,-0.0340389,0.472452,0.0395288,0.250236,0.109751,0.0916858,0.13827,0.077462,0.112737,30919.4565394457,0.376775266088725
0.484732,4.12997,1.17715,4.22599,1.19813,0.603823,-0.0106253,0.456262,0.0410253,0.223935,0.063911,0.0707664,0.122704,0.0699826,0.111407,30925.4682455701,4.30493719130942
0.334834,4.07148,1.15557,4.2145,1.32087,0.549529,0.00550727,0.517728,0.0384876,0.198235,0.0861719,0.100138,0.112548,0.0853116,0.122557,30917.5783720163,1.5025125678477
0.443188,4.09738,1.13468,4.20672,1.27174,0.451074,0.00186658,0.396407,0.0408526,0.201139,0.062164,0.0666484,0.135992,0.0710119,0.11824,30919.5917770805,0.494544477545753
0.466416,4.1104,1.1499,4.19572,1.28346,0.486157,0.0204141,0.385121,0.0407572,0.205377,0.0623904,0.0723282,0.134215,0.0679951,0.112429,30912.6208531524,1.00541218946343
0.506405,4.15257,1.21675,4.2109,1.27374,0.486059,-0.10849,0.510558,0.0415125,0.258527,0.0719612,0.0874506,0.14268,0.077942,0.119198,30913.4705212971,1.61900903636649
0.446269,4.10447,1.17995,4.1783,1.28193,0.526066,0.0169173,0.422416,0.0402136,0.167104,0.0783915,0.079591,0.127484,0.0707035,0.123451,30921.3408159751,0.155558140008464
0.437192,4.13961,1.15262,4.20399,1.34937,0.474211,-0.0380326,0.300373,0.0395901,0.212267,0.06688,0.08691,0.133271,0.0725206,0.1128,30918.9910294401,0.428021449959289
0.506385,4.10014,1.14587,4.17565,1.23646,0.418479,-0.102408,0.475651,0.0389316,0.265975,0.0940307,0.0998822,0.151178,0.0781025,0.106638,30925.5888334425,0.214410448017356
0.486749,4.11696,1.19497,4.20258,1.27617,0.503662,0.0181285,0.521342,0.0399162,0.238521,0.0831994,0.0776346,0.121668,0.0682008,0.103778,30913.6761294106,1.15165159445124
0.399018,4.09935,1.16549,4.20161,1.30976,0.484577,-0.0858119,0.514078,0.0406212,0.156068,0.0295703,0.0653839,0.0912609,0.0672166,0.117089,30921.3173239897,0.221355154117549
0.414214,4.11389,1.21396,4.24438,1.29629,0.537147,-0.0564018,0.493431,0.0426412,0.142755,0.0577089,0.0807992,0.114918,0.0807201,0.131269,30923.1739235741,0.180960988200359
0.432689,4.12126,1.15568,4.21038,1.30832,0.470275,-0.0297589,0.364331,0.0408174,0.288306,0.0813223,0.0948987,0.152861,0.0801169,0.129119,30910.3186493042,2.35424380370646
0.450991,4.09887,1.20856,4.2229,1.30004,0.496637,0.0205071,0.30798,0.041588,0.261572,0.0620689,0.0778126,0.157875,0.0831881,0.139844,30928.7102453502,0.203410514117856
0.442285,4.13544,1.1762,4.18677,1.29233,0.463083,0.00510773,0.436971,0.0395046,0.281668,0.105144,0.111907,0.127772,0.0814176,0.128145,30918.8154768265,96.140944497982
0.563582,4.19796,1.18084,4.1753,1.26311,0.415714,-0.0164418,0.489552,0.0374461,0.301878,0.0673452,0.0880497,0.1465,0.0673433,0.110604,30935.1559669667,0.2524766012515
0.417889,4.08568,1.11289,4.19999,1.26809,0.459844,-0.096669,0.319862,0.0402354,0.287373,0.0987146,0.0981473,0.159923,0.0873556,0.129546,30913.1913782255,5.07142869601182
0.50158,4.09364,1.19261,4.21601,1.26742,0.546932,-0.0599821,0.368967,0.0412997,0.0861707,0.0162237,0.054986,0.0710922,0.056035,0.103295,30946.0419872779,0.000280324471277273
0.436271,4.14689,1.14596,4.20098,1.31246,0.426602,-0.0817003,0.382126,0.0390406,0.204356,0.0564437,0.0845964,0.127286,0.0661953,0.101135,30923.4020036257,0.0480418531132273
0.302848,4.11357,1.13892,4.19729,1.30651,0.481602,0.00733423,0.43163,0.0382443,0.323541,0.0607874,0.0743824,0.128609,0.0625436,0.108504,30925.3426202259,2.43401386687128
0.499713,4.09199,1.17452,4.22518,1.32913,0.500704,-0.0722488,0.518352,0.0415843,0.294003,0.0839434,0.0803836,0.114743,0.0699677,0.105917,30921.5385670791,6.5662775156388
0.312293,4.0765,1.18486,4.21792,1.31871,0.458501,0.00560228,0.423539,0.0404849,0.141045,0.056456,0.0875659,0.0883816,0.0751589,0.113347,30919.7230516379,0.661733649654245
0.426357,4.0763,1.15274,4.20919,1.29333,0.478892,-0.0776563,0.390711,0.0422902,0.221049,0.0536957,0.0857904,0.120283,0.0698449,0.116341,30915.1665233157,3.53619868486332
0.409372,4.08395,1.13318,4.19587,1.31214,0.417284,-0.0356209,0.353088,0.0432293,0.205258,0.057355,0.0736311,0.144402,0.07661,0.148707,30927.9695049017,10.3241463194483
0.325285,4.06822,1.14073,4.20752,1.29888,0.469321,0.0421991,0.409718,0.038844,0.209272,0.0259182,0.0629891,0.104654,0.0520622,0.118225,30928.3908006083,0.535381844350432
0.393878,4.07437,1.1077,4.24048,1.27931,0.476064,-0.0738625,0.487101,0.0373751,0.138514,0.0225602,0.0743121,0.0571839,0.054944,0.083525,30941.3516485508,0.00315885507198191
0.413806,4.11004,1.18254,4.22646,1.29787,0.506717,0.0158948,0.577123,0.039605,0.217482,0.0857395,0.0892953,0.141167,0.0725661,0.105956,30923.3231280832,0.0776376809144703
0.454408,4.1134,1.18003,4.23864,1.29602,0.478239,-0.0512731,0.515981,0.0403973,0.257482,0.070756,0.0884875,0.126145,0.0683257,0.116322,30910.957545811,4.73390774827071
0.489433,4.13224,1.19814,4.21259,1.29354,0.500697,-0.102689,0.526383,0.042348,0.146631,0.0604933,0.0879186,0.130581,0.0776143,0.130599,30921.0097741059,0.399211975579243
0.437527,4.0991,1.13079,4.20321,1.30245,0.441236,-0.00126904,0.567194,0.0386076,0.288806,0.0748377,0.0797497,0.147958,0.0774177,0.125227,30922.8358575389,0.388177773067856
0.455188,4.07913,1.16375,4.25265,1.27733,0.50381,-0.0257071,0.52065,0.0410026,0.172459,0.0342178,0.065217,0.104762,0.0554344,0.0973985,30922.3622264464,0.25393871397789
0.416974,4.10282,1.15154,4.19515,1.30836,0.493492,-0.0248018,0.375414,0.0383859,0.203487,0.0703879,0.081261,0.124205,0.064897,0.10141,30913.4871537199,0.453132746104243
0.324771,4.05092,1.15037,4.21624,1.31324,0.501944,0.0357019,0.658714,0.039787,0.155843,0.0677385,0.0813707,0.0748826,0.0587779,0.0915805,30933.7194644871,0.0226254569489801
0.557149,4.17142,1.24413,4.2007,1.23277,0.448539,-0.0544571,0.334283,0.0394724,0.332315,0.068071,0.0737289,0.135524,0.062687,0.113995,30925.782997437,1.71383675292518
0.48066,4.13599,1.19914,4.19344,1.28943,0.492506,-0.0422484,0.658564,0.0402592,0.187609,0.0811117,0.0950184,0.100046,0.0717344,0.100631,30922.5069294782,0.402391388106885
0.317573,4.07292,1.17585,4.20091,1.35172,0.465625,-0.0875977,0.572499,0.0405154,0.215246,0.0378413,0.0795038,0.105438,0.0646951,0.102572,30927.1994497682,1.13037619170123
0.510192,4.11745,1.14876,4.20812,1.18173,0.473826,-0.0477777,0.322498,0.0413742,0.21954,0.0567327,0.0726493,0.124381,0.0623233,0.112493,30918.4304782268,3.32504043477788
0.456932,4.14823,1.19672,4.20929,1.24421,0.511596,0.00452861,0.372251,0.0400905,0.141668,0.0184773,0.0677759,0.0733769,0.0576824,0.10632,30917.9497212417,0.176039521154684
0.46821,4.15014,1.14611,4.21836,1.21443,0.446694,-0.0622765,0.369849,0.0382751,0.191298,0.0470597,0.0829415,0.122509,0.063909,0.107464,30920.9819861839,0.611844590048318
0.386311,4.10927,1.19026,4.18907,1.27145,0.445749,0.0829863,0.282865,0.0403479,0.161114,0.0262471,0.0582454,0.0840278,0.04289,0.0833724,30932.8224175041,0.160574005452914
0.408992,4.07973,1.17225,4.18402,1.30263,0.470323,-0.0266445,0.549267,0.0408396,0.271497,0.0757288,0.0876081,0.135183,0.0782033,0.125872,30916.2967959016,1.39855546023909
0.460506,4.12006,1.18671,4.20936,1.23449,0.488294,-0.0576376,0.561694,0.0387328,0.268545,0.0806866,0.0877742,0.14947,0.083361,0.130961,30914.5428721798,1.84812887816747
0.433594,4.10549,1.11166,4.18363,1.22598,0.429702,-0.048923,0.390229,0.0387234,0.217596,0.0693579,0.0822814,0.11096,0.0703496,0.120794,30916.3237802538,4.69243545813338
0.580769,4.14221,1.20682,4.21641,1.26074,0.522445,-0.146488,0.417971,0.0406795,0.217655,0.0725921,0.0849239,0.117171,0.0702696,0.108089,30916.7580012717,0.915666985646973
0.452109,4.11235,1.15606,4.22727,1.27552,0.488844,-0.0500478,0.386412,0.0421737,0.198958,0.0505319,0.0769579,0.0901073,0.0602698,0.0901919,30916.9038700968,1.4032855040475
0.555797,4.09545,1.17608,4.20454,1.24999,0.542113,-0.0834453,0.511781,0.0404955,0.234832,0.0536219,0.0601861,0.103125,0.0527104,0.0977924,30924.8066331767,1.99714502291992
0.407378,4.10794,1.13337,4.19195,1.25034,0.451206,-0.109398,0.348142,0.0408697,0.25408,0.0906164,0.0951841,0.150925,0.0873178,0.12868,30913.7066425306,9.84829150290041
0.38883,4.11242,1.20691,4.21528,1.27122,0.52642,0.0133485,0.602689,0.042682,0.164535,0.0544921,0.0749259,0.0962993,0.0638283,0.104346,30920.3609746504,0.259735010356077
0.515559,4.1405,1.19116,4.21879,1.25168,0.551344,-0.0933268,0.363518,0.0414147,0.179616,0.0277779,0.0775958,0.0941983,0.0634823,0.103262,30919.7238275907,2.37017775921896
0.412208,4.12964,1.15926,4.1998,1.32183,0.454795,-0.0654734,0.365675,0.0398237,0.229643,0.0702611,0.081675,0.137721,0.0817178,0.128869,30913.6495551584,1.52124682315625
0.454794,4.11502,1.15033,4.19993,1.27994,0.469418,-0.0977612,0.412348,0.0400606,0.196464,0.076352,0.0912039,0.107773,0.0709559,0.104146,30910.3582902019,0.872674096219025
0.412748,4.09885,1.13149,4.21931,1.30326,0.461257,-0.0839289,0.457738,0.039778,0.263231,0.0985715,0.0966906,0.151854,0.0821424,0.123692,30911.2301278354,0.987167461027142
0.475967,4.14689,1.18324,4.20883,1.23549,0.563835,-0.0177604,0.492027,0.0389344,0.130365,0.0328084,0.0674161,0.0829743,0.0561213,0.0960122,30918.6091726002,0.643529820414843
0.519734,4.09862,1.20596,4.21579,1.30023,0.49535,-0.0134112,0.380516,0.0414094,0.264657,0.0871416,0.0943938,0.146345,0.0807255,0.124388,30915.1787926969,1.49282143222073
0.625953,4.15424,1.16658,4.1699,1.25544,0.417706,-0.0302507,0.359619,0.0387655,0.238167,0.060858,0.0897937,0.118009,0.0697334,0.0915216,30937.2452441582,0.0153143861913607
0.540099,4.13104,1.15282,4.21017,1.26273,0.529345,-0.0848744,0.482206,0.043589,0.186017,0.058428,0.0685058,0.127002,0.0552606,0.0959141,30930.7007905786,0.522725066824255
0.428001,4.17429,1.23207,4.21657,1.26836,0.531294,0.0634619,0.399662,0.0398654,0.183935,0.0566349,0.0834432,0.116742,0.0755454,0.118034,30918.174685259,2.38583497460902
0.280806,4.06434,1.15267,4.18618,1.32798,0.55191,-0.10854,0.592863,0.0393562,0.17457,0.0527647,0.0877098,0.0810607,0.0650948,0.0982638,30928.0045282372,0.36221741690402
0.537055,4.1484,1.17735,4.1999,1.27043,0.478382,-0.0553796,0.325331,0.0414058,0.221018,0.0687436,0.085852,0.149948,0.0751319,0.124041,30914.0780616351,0.260252211511452
0.435691,4.11147,1.17417,4.19469,1.31479,0.438672,-0.0844616,0.364101,0.0391784,0.212737,0.0624613,0.0927837,0.0943632,0.0670495,0.0959979,30915.5212786246,0.852568256903847
0.602206,4.13685,1.17177,4.20125,1.23198,0.43678,-0.10214,0.42018,0.0395412,0.257688,0.0530639,0.0685358,0.133707,0.0608052,0.102734,30917.6279523349,0.774409730314991
0.432615,4.11083,1.15987,4.20897,1.27779,0.516103,-0.0467553,0.298007,0.0408462,0.220669,0.0631777,0.076833,0.119394,0.0631857,0.104958,30909.9286409412,1.05422329018527
0.490479,4.10947,1.16535,4.21207,1.29389,0.519454,-0.068483,0.46904,0.0412618,0.272938,0.0946041,0.0863309,0.172457,0.0838636,0.146067,30915.3194615688,3.93025033706614
0.358661,4.12112,1.15757,4.22407,1.2972,0.523546,-0.0454319,0.422121,0.0375178,0.175509,0.0508081,0.0705708,0.0983777,0.067515,0.114244,30918.8084149766,0.296033551701849
0.512879,4.10682,1.19776,4.22974,1.28428,0.475724,0.00370695,0.52258,0.041162,0.2003,0.0521875,0.0666854,0.124068,0.0720833,0.137215,30923.7727115652,0.445296766085363
0.467672,4.08412,1.19317,4.20816,1.32766,0.482934,0.0177004,0.486699,0.0421256,0.16828,0.0717721,0.0816119,0.109546,0.0675196,0.11368,30921.4740801087,0.261588754927284
0.320262,4.06847,1.13703,4.2168,1.34773,0.519588,0.000950718,0.41177,0.0406592,0.128322,0.0324031,0.0651492,0.0741114,0.0521448,0.0945316,30921.208610153,0.172951808460564
0.439622,4.10204,1.16673,4.17531,1.29998,0.494422,-0.120688,0.408303,0.0393949,0.202072,0.0577805,0.0818842,0.0954407,0.0657447,0.110708,30913.7516216256,1.98649062239597
0.472299,4.10068,1.18056,4.21736,1.29999,0.521154,-0.160377,0.281914,0.0387975,0.209854,0.0478602,0.0842763,0.103542,0.0574634,0.0891068,30927.9430178927,0.53272998368054
0.496087,4.15494,1.18553,4.20146,1.27901,0.419349,0.0334695,0.357966,0.0399959,0.223373,0.0880212,0.0935856,0.143089,0.0858229,0.139854,30913.7627093732,2.66924197545426
0.362354,4.07906,1.12418,4.22672,1.2995,0.472655,-0.139998,0.451892,0.0380432,0.255703,0.0602332,0.0839326,0.126315,0.0796662,0.126671,30918.5090559926,0.730922498602709
0.41798,4.11656,1.1451,4.19411,1.23584,0.505746,-0.0581931,0.455702,0.0381518,0.121255,0.045217,0.0837346,0.0992123,0.0716709,0.118565,30918.9754754273,0.39037228133464
0.361999,4.1195,1.18634,4.22749,1.37048,0.44097,-0.161081,0.208665,0.0370432,0.32825,0.0789964,0.0842339,0.126383,0.0676311,0.107912,30943.3542168538,0.104364713194529
0.533537,4.14031,1.16619,4.19077,1.24163,0.458049,0.0244654,0.423126,0.0409159,0.209,0.058018,0.0745667,0.127949,0.0617046,0.115802,30912.7742173758,1.08214396451335
0.493162,4.16061,1.1818,4.21195,1.26998,0.473252,-0.0823475,0.474714,0.0401561,0.280277,0.0828163,0.0948018,0.147848,0.0788025,0.111411,30915.7972680431,0.527870731554188
0.468875,4.12143,1.17682,4.18636,1.25488,0.484902,-0.0975509,0.587288,0.0401617,0.258022,0.0941485,0.0881085,0.152069,0.0829299,0.129502,30914.8514582872,1.42007451557787
0.393353,4.13003,1.13858,4.16603,1.26443,0.471258,0.037561,0.39648,0.0376911,0.224645,0.0526249,0.0859611,0.114485,0.0692116,0.120471,30920.9208822851,0.956463720159281
0.372088,4.09481,1.12177,4.21513,1.30304,0.444594,-0.0300758,0.379031,0.0382586,0.208998,0.075814,0.0816341,0.121738,0.0676814,0.114825,30913.3330591121,0.758440795280519
0.473229,4.09594,1.12558,4.21299,1.26575,0.431301,-0.00352337,0.279121,0.040683,0.275326,0.0823858,0.0821314,0.136172,0.0714127,0.115865,30913.8437111262,3.85506316105049
0.440655,4.10534,1.13383,4.24231,1.27248,0.490803,0.0424279,0.379701,0.0401245,0.258955,0.0736908,0.0752582,0.179428,0.0794382,0.144017,30924.8296964765,6.69717881629746
0.487495,4.17435,1.19719,4.2292,1.26927,0.523768,-0.00892942,0.584217,0.0416576,0.153368,0.0395515,0.0674874,0.11617,0.0585382,0.111314,30927.3099478948,0.175402209965521
0.59073,4.15425,1.20307,4.21519,1.25572,0.495561,-0.0562757,0.516259,0.041816,0.194922,0.064409,0.074288,0.131005,0.0694674,0.108514,30920.9596961538,0.213924133521123
0.31164,4.07305,1.11975,4.19457,1.2846,0.509029,-0.0243876,0.611915,0.0409546,0.0916207,0.0345147,0.0730956,0.0724174,0.0625811,0.101034,30933.9227055877,0.00725956087722297
0.433999,4.1316,1.20645,4.18224,1.28053,0.469965,0.014787,0.476449,0.0388225,0.276304,0.106873,0.0975309,0.150021,0.086257,0.130759,30915.6240823086,1.97286692230983
0.484164,4.1377,1.18491,4.20425,1.31917,0.441366,-0.0125383,0.388752,0.0406355,0.233231,0.0835099,0.0810683,0.159081,0.0845311,0.134494,30917.7121540654,0.941670482563726
0.534537,4.14379,1.18176,4.1947,1.26143,0.412748,-0.0506898,0.345222,0.0404277,0.280954,0.106266,0.0850179,0.159926,0.072681,0.107691,30923.8285615781,0.186733227459901
0.529346,4.13916,1.22362,4.2267,1.28425,0.4552,0.0238817,0.375325,0.0426559,0.246676,0.0588138,0.0786363,0.124366,0.0610918,0.114801,30920.0314031103,2.86133414212394
0.449602,4.12517,1.18539,4.20048,1.33336,0.489547,-0.068056,0.315837,0.0397077,0.173918,0.0617214,0.0642025,0.115126,0.0554627,0.102043,30921.4338521633,0.699719267530713
0.459286,4.12097,1.20447,4.2321,1.2432,0.532355,-0.0367005,0.42648,0.0399462,0.223921,0.0882396,0.0832576,0.121862,0.0764594,0.123622,30918.6828621449,0.245568482660724
0.411582,4.14627,1.17312,4.19811,1.28562,0.519917,-0.0745836,0.413241,0.0392575,0.165137,0.0362636,0.0696345,0.101963,0.0601254,0.108438,30912.973360747,0.685699813477121
0.306937,4.08259,1.18251,4.21503,1.29856,0.623158,-0.0445564,0.503658,0.0396972,0.123848,0.0546843,0.0811617,0.0864198,0.0783203,0.119936,30933.2209459535,0.0713398113946087
0.527689,4.18205,1.21499,4.22214,1.21065,0.496626,-0.0481437,0.390035,0.0401983,0.31445,0.0582988,0.0784501,0.134028,0.0809027,0.126293,30928.9787609442,2.11303039606209
0.419578,4.12119,1.17386,4.21804,1.327,0.471618,0.088176,0.562832,0.0390038,0.248749,0.0849238,0.0798931,0.122606,0.0776404,0.121741,30925.1006881976,1.22192625646112
0.426626,4.07961,1.17198,4.21533,1.30677,0.491964,-0.0152282,0.513375,0.0400077,0.143292,0.0420228,0.0871789,0.110109,0.0699394,0.115277,30917.7314861249,1.49388802870803
0.406019,4.12014,1.18116,4.22433,1.29156,0.43726,-0.0372244,0.309469,0.0397882,0.208487,0.0519886,0.0809801,0.0783321,0.0630978,0.092882,30920.6591371056,0.69472791988902
0.58075,4.12282,1.1658,4.20103,1.22896,0.496848,-0.034782,0.392315,0.0393892,0.231212,0.0675207,0.0919198,0.138405,0.0787651,0.138083,30918.7624825462,6.9809934707454
0.415427,4.10953,1.16476,4.2137,1.2589,0.469503,-0.0815109,0.442204,0.0415662,0.208932,0.0476394,0.0645441,0.115295,0.0703565,0.124348,30918.8806181356,0.352527717815831
0.376845,4.11134,1.14922,4.20161,1.29964,0.496947,-0.0976876,0.406304,0.0399547,0.145391,0.0475834,0.0781452,0.110259,0.0644767,0.108233,30913.1609035099,0.320156431305357
0.329444,4.14696,1.18235,4.21226,1.29026,0.482477,-0.0436945,0.448166,0.039851,0.171609,0.0549553,0.0733845,0.099686,0.0702201,0.115558,30919.234316392,0.705283329152976
0.435702,4.09104,1.1702,4.15094,1.29394,0.524737,0.0110383,0.338555,0.0406284,0.132524,0.032804,0.0687942,0.0909201,0.0559654,0.101994,30927.5461951876,0.851240106531112
0.405699,4.10793,1.13457,4.21861,1.21887,0.432282,-0.0890747,0.537342,0.0392181,0.140414,0.0265709,0.0791724,0.0932719,0.0732865,0.113127,30929.8524035277,1.46563254412681
0.463875,4.09534,1.14749,4.18701,1.31226,0.453821,-0.0278743,0.433081,0.0396287,0.328645,0.0741134,0.081179,0.145362,0.0709234,0.116592,30913.6616242246,2.53205779057153
0.627639,4.2161,1.2843,4.20592,1.26271,0.521776,-0.0769503,0.330433,0.041553,0.186853,0.0421876,0.0690145,0.106058,0.0547894,0.0940147,30940.3409347814,0.0242302824297772
0.434553,4.12306,1.20052,4.1793,1.25561,0.535711,0.0190422,0.402265,0.0405633,0.2096,0.0769472,0.0802612,0.127887,0.0726712,0.116638,30915.4600809331,1.22184974071176
0.538563,4.16525,1.19888,4.18083,1.22693,0.51519,-0.0309101,0.394268,0.0397724,0.209393,0.0510314,0.0748256,0.1127,0.0537939,0.0917178,30917.3212620514,0.541151479900504
0.44873,4.12848,1.16283,4.2088,1.31425,0.379965,-0.155364,0.336287,0.0384568,0.218894,0.0549528,0.0710152,0.105901,0.0573573,0.0923394,30922.5393730695,1.01782979304282
0.365448,4.10164,1.13416,4.18775,1.29696,0.513895,-0.135837,0.462054,0.0414703,0.244778,0.0957982,0.0935073,0.139135,0.0771633,0.113302,30918.1054311564,1.49261681846643
0.531609,4.15747,1.21402,4.21167,1.24608,0.581785,-0.113662,0.486544,0.041111,0.239272,0.0858967,0.0852025,0.129816,0.0741099,0.122656,30916.5918464471,1.60297985589611
0.473158,4.12251,1.16995,4.21606,1.29731,0.470078,-0.057397,0.538993,0.0401299,0.162562,0.0361249,0.0744345,0.107574,0.0634695,0.114887,30915.671079904,0.470478165973724
0.504438,4.14564,1.18706,4.21238,1.24975,0.529112,-0.048427,0.500149,0.0383691,0.276212,0.0714791,0.0795813,0.139989,0.0713711,0.123317,30911.6163935819,1.5309446852385
0.399551,4.08679,1.13885,4.2001,1.33723,0.453303,-0.0646614,0.292781,0.0397727,0.271154,0.0674535,0.0824161,0.110938,0.0693456,0.116795,30916.0231860455,3.00667633871701
0.470054,4.12028,1.1798,4.21385,1.26302,0.476528,0.0778171,0.52431,0.0408309,0.188637,0.0258937,0.0744802,0.0888229,0.056602,0.0986748,30918.2581999587,0.929862323749128
0.534484,4.13578,1.18814,4.20604,1.25674,0.508188,-0.042431,0.520319,0.0391,0.274575,0.090641,0.0845297,0.127872,0.0742304,0.123876,30913.1692737935,3.14290324428638
0.562632,4.13271,1.19045,4.18094,1.26866,0.428021,-0.0465743,0.431909,0.0400727,0.311446,0.0840633,0.0907426,0.149887,0.0790024,0.118631,30913.5148382578,1.43386551561782
0.403235,4.14531,1.16174,4.19385,1.3157,0.478409,-0.0679958,0.373579,0.0381539,0.269287,0.0752023,0.0866976,0.143043,0.0694797,0.111603,30918.1342313665,0.360565055200108
0.365655,4.11896,1.13484,4.20457,1.30428,0.458206,-0.0166741,0.409996,0.0387836,0.161215,0.0733817,0.0824279,0.112596,0.0590026,0.103428,30925.6572626357,0.0805782847161213
0.504887,4.14131,1.18504,4.21165,1.29929,0.420804,-0.0986336,0.377675,0.0385992,0.212454,0.0611869,0.0866812,0.121061,0.063184,0.111298,30914.3480166567,8.70513393632957
0.379908,4.11568,1.14162,4.22263,1.27474,0.464105,-0.0537181,0.335016,0.0403351,0.192174,0.0768892,0.0931127,0.135394,0.084081,0.13881,30912.0055058283,4.58877614474721
0.516715,4.20179,1.18824,4.19388,1.25296,0.515428,-0.0482258,0.403726,0.038595,0.248967,0.0445678,0.0680757,0.128377,0.0598206,0.104919,30928.2643553842,0.277381416706764
0.44584,4.13552,1.18992,4.24135,1.25178,0.514165,-0.120206,0.366798,0.0381245,0.13466,0.0430453,0.0702958,0.0947716,0.0592639,0.102203,30922.3951511866,0.660102122237255
0.429071,4.08748,1.09959,4.1978,1.26053,0.444372,-0.0065193,0.251305,0.0388544,0.248832,0.0494211,0.0737714,0.129926,0.0696511,0.113116,30922.2916822557,0.450377643779437
0.436713,4.11552,1.15911,4.18955,1.27343,0.454564,-0.121678,0.528142,0.0411871,0.205591,0.050836,0.0742858,0.114813,0.0560772,0.0962537,30915.0125224218,1.48518662517001
0.383393,4.09255,1.14096,4.20387,1.28477,0.503946,0.0483891,0.325411,0.0392603,0.203116,0.0598917,0.0805999,0.105179,0.0629667,0.101372,30910.981887286,2.06342695096719
0.507164,4.15897,1.19456,4.21707,1.2361,0.470958,0.000246782,0.556358,0.0408503,0.157234,0.0588476,0.0805315,0.122703,0.0731459,0.123383,30917.1512104463,0.307785407863262
0.354031,4.08259,1.13605,4.21374,1.30695,0.532031,-0.0279413,0.595213,0.0412332,0.171142,0.0694248,0.0872524,0.0911433,0.0684305,0.1081,30920.252956268,0.486547853432338
0.477941,4.10469,1.15944,4.21822,1.26016,0.517523,0.0170901,0.467804,0.0406258,0.242903,0.0619338,0.0751109,0.134083,0.0650026,0.119086,30910.689145262,1.92994727549272
0.503743,4.13126,1.18193,4.20591,1.25136,0.522911,-0.0618187,0.370934,0.0396027,0.25522,0.0876766,0.0875347,0.148172,0.0771182,0.141991,30913.9024047005,6.18126643695648
0.421133,4.12485,1.17283,4.22238,1.27406,0.499001,-0.0866038,0.258656,0.0416168,0.194794,0.0661171,0.074102,0.13949,0.0703148,0.12678,30918.30247327,0.618647034801596
0.423711,4.14317,1.2,4.20106,1.25561,0.508773,0.143554,0.426488,0.0433148,0.226455,0.0437814,0.0586136,0.125824,0.0633845,0.127594,30932.675249125,0.265024953163776
0.432305,4.09327,1.17945,4.25321,1.30054,0.563827,-0.184218,0.374457,0.0408145,0.23785,0.0791203,0.08599,0.120831,0.0798357,0.11354,30928.2790355113,0.386798150841932
0.427826,4.10609,1.19375,4.22883,1.33435,0.484627,-0.0478703,0.457499,0.0409171,0.252012,0.0691429,0.0739237,0.104829,0.0680425,0.103403,30917.1179234489,0.881492381829476
0.468223,4.1476,1.21531,4.18384,1.24383,0.489187,0.0127618,0.437677,0.0390778,0.120461,0.0851313,0.0871388,0.106822,0.0804077,0.126114,30947.8555728914,1.50685392881278e-05
0.429092,4.09264,1.18638,4.23341,1.30499,0.448192,-0.027838,0.533629,0.0412377,0.18404,0.0733255,0.080304,0.129823,0.0813757,0.128716,30919.0138613524,0.248423108698878
